{"train_number": 5.0, "lr": 0.005000000000000004, "entropy_beta": 0.19999999999999962, "number": 5.0, "succ": 0.98, "score": 1.1110933508612642, "length": 4.83, "gradrms/features.layers.0.logic.1.layer.0.mlp.0.weight": 0.0013109280934998078, "gradrms/features.layers.0.logic.1.layer.0.mlp.0.bias": 0.0019084820504928746, "gradrms/features.layers.0.logic.2.layer.0.mlp.0.weight": 0.004805160420871934, "gradrms/features.layers.0.logic.2.layer.0.mlp.0.bias": 0.0054231047539230895, "gradrms/features.layers.1.logic.0.layer.0.mlp.0.weight": 0.00013410495083977645, "gradrms/features.layers.1.logic.0.layer.0.mlp.0.bias": 0.002131803410585474, "gradrms/features.layers.1.logic.1.layer.0.mlp.0.weight": 0.001919260238234932, "gradrms/features.layers.1.logic.1.layer.0.mlp.0.bias": 0.006027135270832018, "gradrms/features.layers.1.logic.2.layer.0.mlp.0.weight": 0.002083116905978151, "gradrms/features.layers.1.logic.2.layer.0.mlp.0.bias": 0.006398738424317415, "gradrms/features.layers.2.logic.0.layer.0.mlp.0.weight": 5.157895850599382e-05, "gradrms/features.layers.2.logic.0.layer.0.mlp.0.bias": 0.00028470136782673776, "gradrms/features.layers.2.logic.1.layer.0.mlp.0.weight": 0.0021512082237343092, "gradrms/features.layers.2.logic.1.layer.0.mlp.0.bias": 0.010257665403143728, "gradrms/features.layers.2.logic.2.layer.0.mlp.0.weight": 0.0011962069178515333, "gradrms/features.layers.2.logic.2.layer.0.mlp.0.bias": 0.005107325390130432, "gradrms/features.layers.3.logic.0.layer.0.mlp.0.weight": 1.6807861573099816e-06, "gradrms/features.layers.3.logic.0.layer.0.mlp.0.bias": 3.79799107815598e-06, "gradrms/features.layers.3.logic.1.layer.0.mlp.0.weight": 0.0015503109786987402, "gradrms/features.layers.3.logic.1.layer.0.mlp.0.bias": 0.0070942433441253915, "gradrms/features.layers.3.logic.2.layer.0.mlp.0.weight": 0.0006047563999717409, "gradrms/features.layers.3.logic.2.layer.0.mlp.0.bias": 0.002571266709560365, "gradrms/features.layers.4.logic.0.layer.0.mlp.0.weight": 3.677015338303083e-07, "gradrms/features.layers.4.logic.0.layer.0.mlp.0.bias": 6.347352013945828e-07, "gradrms/features.layers.4.logic.1.layer.0.mlp.0.weight": 0.0011039133828754414, "gradrms/features.layers.4.logic.1.layer.0.mlp.0.bias": 0.006388119906350774, "gradrms/features.layers.4.logic.2.layer.0.mlp.0.weight": 0.0010429987224001612, "gradrms/features.layers.4.logic.2.layer.0.mlp.0.bias": 0.003852571528353081, "gradrms/features.layers.5.logic.0.layer.0.mlp.0.weight": 2.4778769051011967e-07, "gradrms/features.layers.5.logic.0.layer.0.mlp.0.bias": 4.1416253128734007e-07, "gradrms/features.layers.5.logic.1.layer.0.mlp.0.weight": 0.001770682907893884, "gradrms/features.layers.5.logic.1.layer.0.mlp.0.bias": 0.009884002722404289, "gradrms/features.layers.5.logic.2.layer.0.mlp.0.weight": 0.0007936912551833002, "gradrms/features.layers.5.logic.2.layer.0.mlp.0.bias": 0.0038112432687905985, "gradrms/features.layers.6.logic.1.layer.0.mlp.0.weight": 0.002085871482902307, "gradrms/features.layers.6.logic.1.layer.0.mlp.0.bias": 0.017596697036822748, "gradrms/pred_valid.layer.0.mlp.0.weight": 6.540288129945944e-05, "gradrms/pred_valid.layer.0.mlp.0.bias": 0.003781113535965765, "gradrms/pred.layer.0.mlp.0.weight": 0.004335734805430031, "gradrms/pred.layer.0.mlp.0.bias": 1.0428142768226938e-06, "reinforce_loss": -0.9261153622716666, "entropy_loss": -0.028573152116732673, "entropy": 0.14286575857782735, "pred/accuracy": 1.0, "loss": -0.9260216186568141, "mode": "train", "epoch": 1}
{"train_number": 5.0, "lr": 0.005000000000000004, "entropy_beta": 0.19999999999999962, "number": 5.0, "succ": 0.99, "score": 1.1223195313534802, "length": 4.78, "gradrms/features.layers.0.logic.1.layer.0.mlp.0.weight": 0.0020624464864878282, "gradrms/features.layers.0.logic.1.layer.0.mlp.0.bias": 0.003038181202500517, "gradrms/features.layers.0.logic.2.layer.0.mlp.0.weight": 0.0065435795217310055, "gradrms/features.layers.0.logic.2.layer.0.mlp.0.bias": 0.007499451465632991, "gradrms/features.layers.1.logic.0.layer.0.mlp.0.weight": 0.00015968223706528208, "gradrms/features.layers.1.logic.0.layer.0.mlp.0.bias": 0.0019808670041885994, "gradrms/features.layers.1.logic.1.layer.0.mlp.0.weight": 0.0033158980189796844, "gradrms/features.layers.1.logic.1.layer.0.mlp.0.bias": 0.00972252780265798, "gradrms/features.layers.1.logic.2.layer.0.mlp.0.weight": 0.003297076995911044, "gradrms/features.layers.1.logic.2.layer.0.mlp.0.bias": 0.009722124607658115, "gradrms/features.layers.2.logic.0.layer.0.mlp.0.weight": 2.5858331083945716e-05, "gradrms/features.layers.2.logic.0.layer.0.mlp.0.bias": 0.00012441060092446187, "gradrms/features.layers.2.logic.1.layer.0.mlp.0.weight": 0.00304473349523013, "gradrms/features.layers.2.logic.1.layer.0.mlp.0.bias": 0.013202009640621784, "gradrms/features.layers.2.logic.2.layer.0.mlp.0.weight": 0.0016000926093411145, "gradrms/features.layers.2.logic.2.layer.0.mlp.0.bias": 0.00553767295462345, "gradrms/features.layers.3.logic.0.layer.0.mlp.0.weight": 7.064365134489304e-07, "gradrms/features.layers.3.logic.0.layer.0.mlp.0.bias": 1.5415760129749074e-06, "gradrms/features.layers.3.logic.1.layer.0.mlp.0.weight": 0.0027049988625707944, "gradrms/features.layers.3.logic.1.layer.0.mlp.0.bias": 0.011090725542561726, "gradrms/features.layers.3.logic.2.layer.0.mlp.0.weight": 0.0006514430744319686, "gradrms/features.layers.3.logic.2.layer.0.mlp.0.bias": 0.002550245874870288, "gradrms/features.layers.4.logic.0.layer.0.mlp.0.weight": 2.0813612263593783e-07, "gradrms/features.layers.4.logic.0.layer.0.mlp.0.bias": 3.443907743024788e-07, "gradrms/features.layers.4.logic.1.layer.0.mlp.0.weight": 0.0019286456731918207, "gradrms/features.layers.4.logic.1.layer.0.mlp.0.bias": 0.01113836980302537, "gradrms/features.layers.4.logic.2.layer.0.mlp.0.weight": 0.0012678029870975788, "gradrms/features.layers.4.logic.2.layer.0.mlp.0.bias": 0.0043306849621112765, "gradrms/features.layers.5.logic.0.layer.0.mlp.0.weight": 1.6447729342707407e-07, "gradrms/features.layers.5.logic.0.layer.0.mlp.0.bias": 2.696900064132252e-07, "gradrms/features.layers.5.logic.1.layer.0.mlp.0.weight": 0.0026488524084253345, "gradrms/features.layers.5.logic.1.layer.0.mlp.0.bias": 0.014649494737819863, "gradrms/features.layers.5.logic.2.layer.0.mlp.0.weight": 0.0009375799431930121, "gradrms/features.layers.5.logic.2.layer.0.mlp.0.bias": 0.004110062482546985, "gradrms/features.layers.6.logic.1.layer.0.mlp.0.weight": 0.00262987552104911, "gradrms/features.layers.6.logic.1.layer.0.mlp.0.bias": 0.020467275235925605, "gradrms/pred_valid.layer.0.mlp.0.weight": 0.00016564643744226528, "gradrms/pred_valid.layer.0.mlp.0.bias": 0.009198583148762832, "gradrms/pred.layer.0.mlp.0.weight": 0.0072978494528809865, "gradrms/pred.layer.0.mlp.0.bias": 8.467992182588947e-06, "reinforce_loss": -0.9233566583693027, "entropy_loss": -0.04416109893849352, "entropy": 0.22080548995523713, "pred/accuracy": 1.0, "loss": -0.9231552588939667, "mode": "train", "epoch": 2}
{"train_number": 5.0, "lr": 0.005000000000000004, "entropy_beta": 0.19999999999999962, "number": 5.0, "succ": 0.99, "score": 1.1275727405172586, "length": 4.69, "gradrms/features.layers.0.logic.1.layer.0.mlp.0.weight": 0.0021517598812420516, "gradrms/features.layers.0.logic.1.layer.0.mlp.0.bias": 0.0029467759930473965, "gradrms/features.layers.0.logic.2.layer.0.mlp.0.weight": 0.006204796045428023, "gradrms/features.layers.0.logic.2.layer.0.mlp.0.bias": 0.005686646535334861, "gradrms/features.layers.1.logic.0.layer.0.mlp.0.weight": 0.00010851054173203734, "gradrms/features.layers.1.logic.0.layer.0.mlp.0.bias": 0.0011524344915605817, "gradrms/features.layers.1.logic.1.layer.0.mlp.0.weight": 0.0033336845877842895, "gradrms/features.layers.1.logic.1.layer.0.mlp.0.bias": 0.009379702198103093, "gradrms/features.layers.1.logic.2.layer.0.mlp.0.weight": 0.002917136166032956, "gradrms/features.layers.1.logic.2.layer.0.mlp.0.bias": 0.007304236730457992, "gradrms/features.layers.2.logic.0.layer.0.mlp.0.weight": 2.0324897065381465e-05,